day,group,value
1,control,7.965701726608762
1,control,12.590733305341676
1,control,12.170601836461843
1,control,11.543051504778736
1,control,9.06427330337153
1,control,7.992087410100495
1,control,11.168930662697484
1,control,14.297323039517174
1,control,7.917156739982468
1,control,11.228199255058565
1,control,14.34098140723518
1,control,10.752540879691727
1,control,14.550477480287874
1,control,16.506913760279325
1,control,8.199193183081213
1,control,9.763753692337016
1,control,12.981399375837052
1,control,8.961143821749545
1,control,10.875672297213148
1,control,4.171605610687495
1,control,11.323784427986608
1,control,16.01360407217955
1,control,6.828208185153009
1,control,12.671275048927914
1,control,10.362775235209156
1,control,10.113964369956513
1,control,9.588330742049568
1,control,11.357264217804396
1,control,9.837654184547947
1,control,3.381349712393842
1,control,9.579568841686056
1,control,11.688035300256615
1,control,14.243559499404906
1,control,11.978479416602724
1,control,7.197667054642593
1,control,10.764504096392011
1,control,7.194804654343083
1,control,8.478632151881603
1,control,7.309860248505005
1,control,14.169036711852778
1,control,5.19260062302267
1,control,4.520647023129087
1,control,13.469326267153988
1,control,15.704102180032994
1,control,3.965424773481932
1,control,8.494554648810862
1,control,10.512570867708671
1,control,9.188243910386571
1,control,11.99297751249666
1,control,6.774174523765892
1,test,9.884584399910766
1,test,13.7774259690353
1,test,21.46217984161704
1,test,13.440300186586484
1,test,7.400546456445474
1,test,9.795465722282575
1,test,10.397799756241673
1,test,7.497507908214933
1,test,6.098345389712369
1,test,12.51193297391444
1,test,7.916194658591679
1,test,12.617384617008833
1,test,11.874814367838924
1,test,13.826935363608255
1,test,6.819111976605766
1,test,10.94662198066599
1,test,5.892244204234367
1,test,6.385540331106359
1,test,10.018977359751574
1,test,9.74748257578487
1,test,10.956949387394571
1,test,7.414571635292827
1,test,11.861180661453115
1,test,9.132095813434509
1,test,8.128489568762722
1,test,14.759207378307533
1,test,6.294675430059422
1,test,14.872143522328054
1,test,11.11913932509575
1,test,10.25467211819853
1,test,11.716260176152158
1,test,4.662918551889632
1,test,8.848422918891654
1,test,4.448737085836177
1,test,10.416789479204636
1,test,8.185271134965168
1,test,11.561072231794869
1,test,6.346414111926602
1,test,12.166786630641644
1,test,6.688815912384404
1,test,10.695312183765008
1,test,12.462482238266704
1,test,10.960584500462106
1,test,13.94800768405112
1,test,9.392092901986596
1,test,7.51666878079095
1,test,9.62424868313203
1,test,11.758700071320304
1,test,10.659945202465895
1,test,5.05315355275449
2,control,14.74067538891608
2,control,17.537170894159935
2,control,14.228462071260116
2,control,10.870021634920793
2,control,12.650785087734535
2,control,12.90277885443286
2,control,14.241855123553062
2,control,14.443810596173892
2,control,12.360956905137256
2,control,10.783840224187744
2,control,11.486295974709758
2,control,6.999847158954748
2,control,8.571545673966165
2,control,13.006257144222827
2,control,10.468036197312788
2,control,9.21299370421952
2,control,13.963525061560423
2,control,8.052024127805826
2,control,10.909287962546928
2,control,8.9766929965437
2,control,12.089859598056774
2,control,12.26141732574014
2,control,9.207085347525847
2,control,9.128202248946474
2,control,10.191388934968211
2,control,10.436927427764436
2,control,6.661574997772589
2,control,9.901405135486549
2,control,8.745293867177242
2,control,13.074338409524737
2,control,7.521334501857591
2,control,12.014194573394844
2,control,17.29240287931853
2,control,9.912554721380738
2,control,4.837852565445651
2,control,11.143471926508704
2,control,8.47763313880615
2,control,12.285680615007326
2,control,13.987788747737508
2,control,13.79771576117185
2,control,8.724273664769296
2,control,5.764387820244796
2,control,10.785286750636306
2,control,2.5865559568882066
2,control,12.57974655866663
2,control,1.171795796356525
2,control,10.57419003041112
2,control,7.088937984675528
2,control,7.407247467828006
2,control,11.101561922932364
2,test,7.343366258479815
2,test,14.632581445909905
2,test,11.421564004394233
2,test,12.085418841572862
2,test,8.306765088981917
2,test,10.340648367735142
2,test,15.83253733291068
2,test,9.34926833554791
2,test,8.24877144699674
2,test,13.32042555560009
2,test,6.977095018436285
2,test,10.776527464889586
2,test,8.10572204574294
2,test,8.576808014425035
2,test,7.615559512638951
2,test,14.314397335675991
2,test,17.618818389028544
2,test,7.443882526639481
2,test,15.325356427560765
2,test,8.885760098104312
2,test,5.426897958431524
2,test,5.962182190952043
2,test,15.433684017200385
2,test,11.572781411526346
2,test,6.035456849519632
2,test,12.9015529554668
2,test,14.61788887515642
2,test,6.647670341955799
2,test,10.52326148751806
2,test,9.236916110263858
2,test,7.037329255667251
2,test,8.593116669053378
2,test,11.54010496218046
2,test,9.850832842265
2,test,5.919926914551089
2,test,10.146145805000652
2,test,8.395058232772277
2,test,11.566846783484724
2,test,10.64899971886501
2,test,11.085300198423631
2,test,12.345148413995387
2,test,14.581477186990035
2,test,6.49560863032808
2,test,13.04942535150216
2,test,10.90014124048836
2,test,13.49889744213551
2,test,12.231896321409216
2,test,12.516173097033672
2,test,10.571263986129976
2,test,11.5225875388889
3,control,7.245260784991554
3,control,15.696239086059917
3,control,11.798427064387775
3,control,7.598331025943019
3,control,11.044198185727955
3,control,6.582464014333636
3,control,10.093081351412415
3,control,10.934379628007376
3,control,10.916699878700346
3,control,10.426523316758374
3,control,4.229445409205807
3,control,19.737591653752112
3,control,10.33495075507894
3,control,9.134938186588736
3,control,11.717231928941136
3,control,9.366177257641382
3,control,11.30940985391176
3,control,7.263303811114313
3,control,7.105432099856121
3,control,6.124981077880694
3,control,16.307813448978152
3,control,16.443697490381
3,control,10.345837375544258
3,control,9.67564897005193
3,control,3.3245668649658846
3,control,10.34308449312014
3,control,6.95495608727355
3,control,11.704004358614636
3,control,8.9612571601009
3,control,9.382672260952326
3,control,7.222433608296376
3,control,7.270128267473396
3,control,8.496172574890101
3,control,10.334712074848188
3,control,7.039678756389637
3,control,8.332884240950072
3,control,8.870595978816933
3,control,9.43521689210119
3,control,8.934464362149587
3,control,6.479889861267132
3,control,13.397998750032
3,control,8.527587984649664
3,control,11.83778666259971
3,control,10.715613895502548
3,control,4.899658885942016
3,control,11.15669355499437
3,control,11.655563809332552
3,control,11.301076898684148
3,control,19.362352803347825
3,control,3.2372355079727155
3,test,12.122106852738606
3,test,13.279050122094535
3,test,12.80324811280602
3,test,7.487550521183413
3,test,12.002536591440355
3,test,8.078345411806271
3,test,9.648684479756383
3,test,6.443764899805532
3,test,9.662999048385428
3,test,4.547256216670182
3,test,8.807052424158407
3,test,11.297821127015805
3,test,7.811600996144219
3,test,11.543952846234165
3,test,9.049880062697689
3,test,9.061134734714482
3,test,14.93367263554295
3,test,14.02153409957725
3,test,9.660942774520556
3,test,7.498902160591053
3,test,7.973055159160426
3,test,10.835440669325113
3,test,14.148079554859
3,test,8.758300584092392
3,test,6.731446436541111
3,test,11.074186865691216
3,test,14.728350021471224
3,test,8.712624898337499
3,test,12.320889992927876
3,test,8.338249604054322
3,test,7.841055733053788
3,test,5.373262940833297
3,test,7.079111849035107
3,test,8.278043213361581
3,test,11.194209179160262
3,test,14.866258825374388
3,test,6.9056375881562015
3,test,10.74591201153287
3,test,10.39181714093909
3,test,11.058177763795747
3,test,9.461634999758862
3,test,12.597664500900375
3,test,13.584905594665043
3,test,11.991158708773154
3,test,11.354694557809088
3,test,12.578224920664756
3,test,9.203258232400026
3,test,9.406375508805052
3,test,15.093891767536348
3,test,11.922994885372566
4,control,11.300245740237813
4,control,9.563858966242922
4,control,12.736775503146044
4,control,13.01347784695938
4,control,3.8788274646866574
4,control,10.466486890221626
4,control,9.791908728324344
4,control,9.745167389070184
4,control,13.520100345985869
4,control,11.709060370075289
4,control,11.14045889650428
4,control,7.986710765531304
4,control,13.858131461241904
4,control,8.59228213453313
4,control,6.997874891270729
4,control,4.961222655464579
4,control,7.892175376758904
4,control,9.704204292408596
4,control,14.82662576321828
4,control,3.127888690572295
4,control,13.207611114273114
4,control,5.811155483833164
4,control,7.019321556989846
4,control,9.574387307538183
4,control,10.506190207661511
4,control,9.97313724788374
4,control,11.110652980374772
4,control,12.760545654991482
4,control,10.32207933798329
4,control,13.204777261657457
4,control,10.250534839557572
4,control,11.615177594686214
4,control,10.031593847432331
4,control,11.97707883950734
4,control,9.123887597251551
4,control,9.108158547566102
4,control,8.802233172159173
4,control,10.269959943907908
4,control,9.43197101859738
4,control,13.821978598354736
4,control,10.274410562864375
4,control,9.626532104786005
4,control,15.933263033783918
4,control,16.30351534112838
4,control,11.596661484937052
4,control,8.594117183323071
4,control,5.653607064656568
4,control,13.798761721211442
4,control,12.558929422376917
4,control,12.461534052926655
4,test,11.466999482330433
4,test,13.03193738372592
4,test,11.966262723262446
4,test,7.885024963159338
4,test,12.277480489470614
4,test,9.252684979142687
4,test,6.6734679805567305
4,test,9.421702372633025
4,test,7.586387916901051
4,test,8.474020985988577
4,test,10.196605838811708
4,test,11.341824470028069
4,test,7.347179001459343
4,test,7.641524456063641
4,test,9.355699077419043
4,test,7.670089434146613
4,test,9.428098591556664
4,test,7.843400948054579
4,test,10.656101726557722
4,test,15.809774097087772
4,test,12.663904208457089
4,test,10.740568729913107
4,test,12.193632461154628
4,test,13.086668605382414
4,test,9.084949104583249
4,test,7.471027814775285
4,test,13.5032208773014
4,test,16.120595307466683
4,test,5.885570243707111
4,test,9.307966386563685
4,test,9.18233269577884
4,test,6.459694670001424
4,test,3.875638977909541
4,test,10.656800782338571
4,test,11.115800299132887
4,test,12.595828132046217
4,test,10.53406137971955
4,test,5.9411767475817445
4,test,5.8364348134692055
4,test,14.581605586347116
4,test,9.464088427046155
4,test,10.42046552726124
4,test,14.08928377206871
4,test,14.133189172788237
4,test,14.20128742180197
4,test,8.740848580757133
4,test,11.254457824168338
4,test,5.850964853879191
4,test,14.479034192177904
4,test,10.921877338095175
5,control,11.127749734925082
5,control,12.086670648728797
5,control,12.691409820390698
5,control,10.055420445536734
5,control,8.710249216575264
5,control,6.250078516031065
5,control,9.172495149814994
5,control,7.991159236887077
5,control,6.848334020976624
5,control,10.498659189999843
5,control,8.246611830695873
5,control,5.765740756107165
5,control,7.0220157653498365
5,control,11.615011642946726
5,control,2.029018978404608
5,control,13.81934436622065
5,control,7.803418516476686
5,control,15.33911983305114
5,control,13.783680822114814
5,control,3.2627684251080584
5,control,12.435894025959742
5,control,14.851326760601978
5,control,10.259421408412624
5,control,10.079697045845744
5,control,7.709502082646459
5,control,10.990800194180268
5,control,5.599560028475081
5,control,10.317609842763083
5,control,16.337613110293187
5,control,8.852846849490877
5,control,9.37997489121008
5,control,11.822708584775263
5,control,10.02496360378512
5,control,12.097042886022288
5,control,10.887120866657115
5,control,12.71345621056938
5,control,9.638186025186704
5,control,8.015810423253239
5,control,14.013049014236223
5,control,8.291421006574666
5,control,14.254791566937271
5,control,15.417877152095748
5,control,6.998115031337228
5,control,14.15152762651974
5,control,14.646429298757818
5,control,6.010514798837907
5,control,11.429178610923575
5,control,16.037768782400004
5,control,7.5877401845485295
5,control,12.376652695486923
5,test,6.380283879030972
5,test,11.344586150168295
5,test,13.921725701620304
5,test,13.008035525408587
5,test,10.595057541627511
5,test,8.898144241393348
5,test,13.607557831784888
5,test,9.22554655991999
5,test,11.902535103831228
5,test,6.0994396330157326
5,test,7.648167112496125
5,test,8.917236680114238
5,test,9.34506590567858
5,test,7.931618090791786
5,test,12.287091147883908
5,test,13.309227205805746
5,test,12.501217058850022
5,test,13.153883835303374
5,test,3.9296855687524848
5,test,13.488781936463983
5,test,8.790555917943005
5,test,6.612218431466706
5,test,9.370606807333788
5,test,7.110834910718952
5,test,8.43219603395134
5,test,9.33560474995123
5,test,11.047530412832034
5,test,13.253374294015948
5,test,9.069726233312648
5,test,11.168404221582788
5,test,7.347504198810377
5,test,14.326610770960505
5,test,13.029725935826097
5,test,6.115282644655898
5,test,9.429687944985256
5,test,9.844814248653575
5,test,11.315202302239074
5,test,10.079780759569912
5,test,8.310728548137119
5,test,13.719471111910927
5,test,7.721747732224751
5,test,6.209581990339171
5,test,11.59097652152777
5,test,12.65170458831686
5,test,12.68336421884926
5,test,7.551581563318871
5,test,9.876039095241612
5,test,9.752668326554424
5,test,11.66000729607187
5,test,11.404105486770648
6,control,7.110695843522742
6,control,13.360870518754728
6,control,9.87784343407336
6,control,17.62270778372619
6,control,11.423650781561276
6,control,10.628389240772718
6,control,10.794007191450197
6,control,8.868241968734438
6,control,8.134035011506167
6,control,17.596966391274314
6,control,5.250079872930151
6,control,13.969075712470453
6,control,10.445298644175022
6,control,4.748374187504041
6,control,10.060641169216892
6,control,6.6386881823844455
6,control,7.040881655054918
6,control,7.156237792152734
6,control,10.148496260090086
6,control,8.074428986995558
6,control,5.215111753024559
6,control,5.714238683320031
6,control,4.149894493454164
6,control,9.677183558806252
6,control,5.424281547807572
6,control,10.714309226584838
6,control,4.238231403558549
6,control,5.139665043950362
6,control,16.471129776779755
6,control,8.387446755565776
6,control,11.26945701023999
6,control,10.1702473881016
6,control,8.505080648707949
6,control,12.212562460274992
6,control,8.351249572726068
6,control,7.130218580351473
6,control,13.101381059988464
6,control,10.251711350489918
6,control,9.284203971325107
6,control,5.773312410758906
6,control,9.595952521466147
6,control,7.113329249836859
6,control,10.837953574522142
6,control,9.552149631110195
6,control,7.47992068410934
6,control,7.8994839742720995
6,control,14.605284084289648
6,control,7.980708116810499
6,control,8.955675732641092
6,control,9.53407274875432
6,test,10.99559246082018
6,test,8.825443593051045
6,test,6.396959401639218
6,test,8.102185710330458
6,test,11.030426413698123
6,test,10.003742042937995
6,test,10.240372828164928
6,test,7.789029841148897
6,test,10.68135234945538
6,test,10.858614578638724
6,test,6.654249072074681
6,test,11.960186045408305
6,test,10.47109826261561
6,test,6.954575686910374
6,test,11.935986285254549
6,test,11.033279267771915
6,test,12.248607148461952
6,test,6.76823273176563
6,test,10.263994469918543
6,test,9.447737572271366
6,test,6.590018495612825
6,test,8.994553279319021
6,test,11.733503663462502
6,test,8.987667405454255
6,test,6.855850847423316
6,test,10.72716533426962
6,test,10.12125078193034
6,test,7.637844954932314
6,test,9.732727637165915
6,test,12.895646329169486
6,test,11.773912366965805
6,test,7.526505228230494
6,test,14.154037978582576
6,test,12.015531271190046
6,test,11.901931018155995
6,test,3.899415126689824
6,test,8.229060398393083
6,test,7.161238089756618
6,test,15.148961598379165
6,test,10.5704134751193
6,test,10.953490959712411
6,test,9.55688161727286
6,test,12.88423532004844
6,test,5.695916060695039
6,test,16.93423984887194
6,test,8.992492229991834
6,test,12.073384669011826
6,test,6.318559544157161
6,test,10.352302432817794
6,test,10.400193787068227
7,control,8.401382568977414
7,control,4.644254932856756
7,control,9.676969094713575
7,control,10.780147518592653
7,control,0.8852635318572055
7,control,10.428505596664078
7,control,8.490949740572063
7,control,8.610906280490726
7,control,9.163342136544005
7,control,8.629988971689603
7,control,9.45036968603117
7,control,4.000509741767373
7,control,9.2624682834918
7,control,12.011888263629162
7,control,4.860720029484988
7,control,8.124973888695324
7,control,13.430795481387118
7,control,9.20437316144016
7,control,13.581967417187544
7,control,11.393811252290028
7,control,11.269779473361282
7,control,7.732645213405525
7,control,6.889521046509089
7,control,12.798522259731666
7,control,7.997979277763423
7,control,5.9173348112624335
7,control,13.45223078734906
7,control,8.739691009773999
7,control,12.072329083431214
7,control,22.600901617381155
7,control,3.08208505083209
7,control,14.41755089730367
7,control,6.64245305185325
7,control,4.503619573019265
7,control,10.712512354855564
7,control,7.940534673361819
7,control,4.147344644810897
7,control,7.485568855835263
7,control,10.342116509408172
7,control,15.75570710806705
7,control,2.4252847239012736
7,control,13.230909917128582
7,control,8.612779003755577
7,control,9.664722104527034
7,control,9.663495527292884
7,control,7.963239132083407
7,control,9.56559287068322
7,control,12.580031101632882
7,control,11.646498983729272
7,control,6.889999851622168
7,test,12.105495542177708
7,test,11.120743922063278
7,test,13.02486767910254
7,test,10.54309073515491
7,test,10.63515753837605
7,test,8.086319687374582
7,test,14.64089834285553
7,test,9.179467160491749
7,test,8.203576760634963
7,test,12.063255945814408
7,test,6.501898989495814
7,test,9.014073534648416
7,test,6.514217801825351
7,test,14.995491033819048
7,test,8.537814086878532
7,test,9.196380648037294
7,test,11.360029075860336
7,test,10.151569643543173
7,test,9.281626065653288
7,test,8.891232811097208
7,test,9.63330115178116
7,test,11.43435375272906
7,test,6.672471694884028
7,test,7.7195724937837
7,test,9.207815873544606
7,test,14.591916924148537
7,test,6.171133624370756
7,test,11.711226468188787
7,test,10.316616734716304
7,test,7.858589998358793
7,test,10.635379206061907
7,test,12.328581124228226
7,test,11.546043106012574
7,test,10.251828974840626
7,test,9.779340333929282
7,test,11.929886390891612
7,test,13.011504133418432
7,test,9.8983471239246
7,test,8.954295271876523
7,test,10.389619638432292
7,test,9.692659181178486
7,test,9.594526040145896
7,test,5.511659801786188
7,test,11.447154332922198
7,test,8.294585689913607
7,test,5.572026471400505
7,test,9.701830938215975
7,test,13.070695868832557
7,test,8.310957334033967
7,test,11.662019626689204
8,control,6.033513102535453
8,control,9.28111528036588
8,control,8.031294328256875
8,control,12.439130422259996
8,control,8.39674694853317
8,control,11.341876336033218
8,control,5.829814026869755
8,control,4.938575167761158
8,control,14.93893005493235
8,control,2.359448595783455
8,control,9.201557067834653
8,control,7.313637486861574
8,control,15.338516063450818
8,control,10.04692251476435
8,control,13.78276715873084
8,control,13.852643252735168
8,control,6.01012920981203
8,control,11.53175637566093
8,control,12.501202754579076
8,control,10.903722105355056
8,control,10.967831573117666
8,control,9.829100058237424
8,control,12.789551117873067
8,control,11.87238545974654
8,control,11.443371785768411
8,control,6.753451425718991
8,control,13.725530827536176
8,control,9.6138256641204
8,control,2.1561877441647628
8,control,8.671799047621784
8,control,8.66063033776176
8,control,11.379871040565158
8,control,13.183708113047368
8,control,14.865292928325836
8,control,10.571028399057663
8,control,5.526408833773208
8,control,6.415878437780733
8,control,10.180269423517226
8,control,10.334331840629806
8,control,6.574897759998992
8,control,11.94430482404939
8,control,6.662869575547523
8,control,12.302306800339794
8,control,12.78340345061058
8,control,8.485274264559896
8,control,6.272120906514689
8,control,10.516249037456165
8,control,10.024458779143142
8,control,11.4367316968189
8,control,9.578951171304489
8,test,9.265520095980165
8,test,13.833102922823771
8,test,9.63326974113843
8,test,8.699414772088822
8,test,12.351464398282962
8,test,12.163864018922125
8,test,10.54095761664072
8,test,15.209851623248808
8,test,11.762751671207011
8,test,9.293929483483089
8,test,13.037693452422996
8,test,12.267766766149917
8,test,4.730144782407997
8,test,11.663798860831864
8,test,15.49239651037372
8,test,7.64877240462459
8,test,10.540153150490578
8,test,8.660785902211403
8,test,12.998326700579732
8,test,6.758913033078679
8,test,7.393704534061326
8,test,8.450199369945627
8,test,7.741788937120829
8,test,10.576218934186985
8,test,11.765812317168855
8,test,14.354301690622751
8,test,7.0674961018318045
8,test,11.16802540760433
8,test,11.2967760717283
8,test,9.277646727400231
8,test,14.19427411896764
8,test,9.353873272278436
8,test,12.044753672286966
8,test,8.679619391846622
8,test,16.181593336345085
8,test,14.208544569764944
8,test,6.579974382931846
8,test,10.969516401525622
8,test,10.214113549403493
8,test,8.111597765637958
8,test,5.048347392081643
8,test,13.714623422580948
8,test,3.083934459385388
8,test,9.361803352408694
8,test,11.840933608374284
8,test,10.08810238789256
8,test,8.185034061381964
8,test,7.616122313317004
8,test,6.716968005341318
8,test,11.775446745819382
9,control,4.979700393745928
9,control,12.178976410917212
9,control,9.265726586035584
9,control,7.1133681835773785
9,control,8.18307898331801
9,control,13.629836677747356
9,control,10.66579046815226
9,control,5.9567325161692
9,control,8.694875115743468
9,control,9.360084759424936
9,control,5.354782420226639
9,control,11.778234287520045
9,control,4.950412619587635
9,control,13.803335552284848
9,control,8.120495538716849
9,control,13.477839165469517
9,control,8.670714019149349
9,control,6.131001370856028
9,control,7.862799230515953
9,control,11.584046624118605
9,control,12.27111365313018
9,control,9.438116706954794
9,control,15.228010304623012
9,control,8.355950943514383
9,control,9.391023903135634
9,control,13.864141248028622
9,control,11.630620242461038
9,control,10.957596501450949
9,control,13.13541490539261
9,control,9.454788742337191
9,control,8.303030974474625
9,control,5.496513004600931
9,control,8.003789206609424
9,control,15.128115254284268
9,control,9.009276521041864
9,control,9.898166162776691
9,control,13.864233150833284
9,control,10.81674261288994
9,control,13.396061281433909
9,control,7.129030642254997
9,control,7.875311204379809
9,control,9.087937964074335
9,control,5.518104825581871
9,control,8.3703486976978
9,control,5.638452155731591
9,control,13.675107692497331
9,control,9.064737400852213
9,control,10.855005640915737
9,control,6.005050771118642
9,control,7.130442087661646
9,test,6.851991342545794
9,test,8.536630724130795
9,test,13.984991590285892
9,test,11.855263691504048
9,test,13.237501114390026
9,test,11.01534934736016
9,test,16.29332590224787
9,test,5.393844836614326
9,test,12.287145396957053
9,test,9.78941012580376
9,test,7.512323318171483
9,test,10.926820638198528
9,test,14.728285041684789
9,test,12.378295454367665
9,test,9.964218725276565
9,test,12.106910015229202
9,test,11.025696165776475
9,test,7.125947603524228
9,test,10.296968167499395
9,test,14.071827695462952
9,test,9.705598440315017
9,test,11.472559827697076
9,test,11.397934319551766
9,test,13.027705601176011
9,test,8.732069571063269
9,test,11.389407059256456
9,test,10.281511439961738
9,test,9.486590162899937
9,test,12.24219608772298
9,test,9.465421340791307
9,test,11.371224455820103
9,test,7.522111978306626
9,test,5.0470434077807695
9,test,10.502207500039113
9,test,12.267032938095156
9,test,13.674901015738714
9,test,13.944821647513509
9,test,9.263327081901352
9,test,9.698939090472852
9,test,9.66086896973429
9,test,12.807095074958983
9,test,12.796315196318195
9,test,12.228710169129508
9,test,15.704129152200997
9,test,12.352748542014576
9,test,10.338494676892148
9,test,12.704482265106376
9,test,10.23435895767036
9,test,13.518087686677095
9,test,7.657036161676487
10,control,9.24990341481587
10,control,10.196099800227724
10,control,11.508848652136813
10,control,13.135750793843972
10,control,12.70461195314395
10,control,8.67915525673315
10,control,4.532951203882952
10,control,10.48058655507464
10,control,11.705015976560189
10,control,6.144810017579393
10,control,7.030998500878902
10,control,10.570415697472832
10,control,9.928499874465468
10,control,7.603221033162038
10,control,11.244667023249155
10,control,9.970648352600753
10,control,9.791055676013793
10,control,8.894902534500664
10,control,7.348864667977615
10,control,7.339280253831527
10,control,8.166322173397429
10,control,11.686976738407983
10,control,8.064448263975464
10,control,11.687794323921535
10,control,10.504892496030308
10,control,5.464871184019891
10,control,2.671017355986449
10,control,11.53767946279292
10,control,8.069165134465681
10,control,12.39977280435492
10,control,14.872942014998792
10,control,7.869446350224149
10,control,2.43615943303635
10,control,14.717974094959803
10,control,15.52782010796454
10,control,11.283711807918264
10,control,13.133057928266163
10,control,12.82965532664616
10,control,11.583021126678954
10,control,9.835298152772296
10,control,8.082811887301453
10,control,12.424923927189235
10,control,11.896260632974624
10,control,15.6580811585689
10,control,9.153723121167074
10,control,9.32965979965334
10,control,10.177463657502315
10,control,9.535489777412009
10,control,9.363676706226064
10,control,8.427901846983405
10,test,11.573467307784624
10,test,9.0536487896893
10,test,13.687470452181428
10,test,8.044758343075374
10,test,10.787734050722726
10,test,5.479401937094566
10,test,9.894002447181682
10,test,10.031304053482286
10,test,12.260384348827
10,test,10.472720853600595
10,test,9.28911090726509
10,test,13.799176294331946
10,test,11.317915095513415
10,test,8.033078980102133
10,test,12.204468131841352
10,test,14.871661790883667
10,test,13.257049106023612
10,test,11.769854393722772
10,test,10.42603446394124
10,test,9.224639059750986
10,test,11.946687865627087
10,test,14.777742590771538
10,test,12.718750736927957
10,test,14.814123361039949
10,test,6.908740363189914
10,test,14.602155130495
10,test,11.756840180014752
10,test,12.338959456503272
10,test,10.387817421833017
10,test,9.307990432470792
10,test,9.232040571858482
10,test,12.540836617345787
10,test,14.057065997721654
10,test,10.1024271849366
10,test,5.322158894291435
10,test,15.268652486970586
10,test,11.068171907043125
10,test,10.51246415516014
10,test,9.667622492381591
10,test,11.796781275707383
10,test,14.619662836108487
10,test,11.84179146691114
10,test,7.586599742044745
10,test,15.667792883465944
10,test,8.307150514522629
10,test,9.39422918057139
10,test,4.035943178938344
10,test,7.800767932119744
10,test,13.883456116279383
10,test,12.358182888564343
11,control,13.322719538496129
11,control,11.514004354428709
11,control,11.622243184944615
11,control,10.381545620740267
11,control,9.252470674134242
11,control,10.508548084964664
11,control,8.997766775807563
11,control,12.7564868862786
11,control,12.789890723236836
11,control,10.19257321759295
11,control,5.373455532080211
11,control,9.828134151938976
11,control,12.978851260730131
11,control,5.8142287022592125
11,control,3.70410249531993
11,control,13.644778257477478
11,control,10.932073229194774
11,control,11.128782948963549
11,control,13.060913382385388
11,control,8.690821872212002
11,control,7.210449746597938
11,control,5.3798967930075206
11,control,10.416962855558117
11,control,15.76108114833922
11,control,4.96210981708936
11,control,8.23040033583565
11,control,9.276307815523223
11,control,11.333243430266782
11,control,6.560132974274566
11,control,9.545061811928663
11,control,9.88867704610334
11,control,7.646159102040323
11,control,18.2301257695539
11,control,13.048844558376002
11,control,8.985956979837164
11,control,9.875655658581984
11,control,10.694936472262029
11,control,8.74411912881129
11,control,12.424607604254206
11,control,10.766458279268122
11,control,12.4005868938356
11,control,7.403255519685068
11,control,8.821700249257562
11,control,9.41406874350825
11,control,9.944784643319666
11,control,7.017394163741473
11,control,6.786839868364013
11,control,13.228697920517224
11,control,11.569738012849214
11,control,7.873302471258379
11,test,8.924007883174285
11,test,12.356374095244147
11,test,5.786427616655809
11,test,4.483281658169058
11,test,12.74056787528546
11,test,8.489025693222873
11,test,4.296345926013961
11,test,11.020018588667437
11,test,7.95631714649479
11,test,10.606644124833592
11,test,11.842419884225407
11,test,12.053095797203758
11,test,15.630968661993323
11,test,13.375678139148716
11,test,12.447605485657428
11,test,8.766128915728162
11,test,11.053570453887128
11,test,10.692271290724715
11,test,14.64705386285101
11,test,7.24673739982523
11,test,6.588350522560299
11,test,8.655610470890556
11,test,14.62483076702634
11,test,13.625505161937284
11,test,10.86495043176767
11,test,8.697894035850972
11,test,9.851430835066854
11,test,12.749255452272314
11,test,12.5695207942919
11,test,4.651453572584833
11,test,11.888098224525834
11,test,9.310125677866386
11,test,9.752401593126605
11,test,13.652747535574054
11,test,7.808577878938268
11,test,8.433202799431779
11,test,8.321925621373765
11,test,9.49420291932537
11,test,10.415203594464952
11,test,11.250154630207792
11,test,6.964655567769207
11,test,12.816279562132946
11,test,17.664433204434683
11,test,1.5208600782459638
11,test,8.069458836012744
11,test,13.39468477509216
11,test,11.327478629167484
11,test,11.180979021408094
11,test,9.471840137229334
11,test,6.549497934631079
12,control,14.554879924964464
12,control,3.7633627235418494
12,control,13.539691468229794
12,control,9.63916787610147
12,control,11.939378865181942
12,control,10.664342412262435
12,control,6.69911214189709
12,control,9.3949746806596
12,control,6.168482681277856
12,control,9.557501942297732
12,control,9.70312826848628
12,control,9.83023964482942
12,control,8.479079701604244
12,control,7.434212398684376
12,control,8.381174424630768
12,control,14.143923064469558
12,control,13.889549864844073
12,control,8.467638767642452
12,control,4.049876607374543
12,control,15.36607535133212
12,control,8.402054120054672
12,control,14.213373121106388
12,control,7.342872293410648
12,control,8.57408967964383
12,control,13.49202240118415
12,control,8.99391295269964
12,control,3.940670935666816
12,control,7.524581964682945
12,control,8.319842279867817
12,control,13.518015500113318
12,control,11.077576006069696
12,control,8.391690188392136
12,control,10.315631067217348
12,control,12.670149663308845
12,control,10.214387175499663
12,control,12.579795589798689
12,control,13.353098197049857
12,control,9.234589121623324
12,control,5.968349035414533
12,control,12.791420581732778
12,control,12.44402808070664
12,control,8.178817937699582
12,control,8.948581273627559
12,control,12.333131695192456
12,control,5.122844259472875
12,control,13.425659290260056
12,control,10.039696366151077
12,control,13.05124702476466
12,control,9.308491782276668
12,control,8.144135402830882
12,test,8.484592938746363
12,test,18.09730002239868
12,test,12.784397355294592
12,test,13.758463871114404
12,test,12.95594034907522
12,test,10.18720452130618
12,test,11.494612428374204
12,test,8.422712026545891
12,test,11.092696731896778
12,test,7.262203433775282
12,test,11.021094439370144
12,test,8.15869245402102
12,test,11.879271217695704
12,test,6.458718586007527
12,test,10.035311882637316
12,test,13.105021872689417
12,test,13.926231619571604
12,test,11.830261968162477
12,test,5.306605387179269
12,test,15.860331571334177
12,test,11.08470253384382
12,test,9.532996808028903
12,test,5.314151498369286
12,test,9.570239555413991
12,test,15.364859399304374
12,test,6.785710947968907
12,test,8.99437824837282
12,test,13.687330071652346
12,test,10.857859856782277
12,test,9.716620622289218
12,test,11.808779087461618
12,test,12.995072025702852
12,test,11.036004970128088
12,test,7.69520204108267
12,test,5.657262530451385
12,test,11.309711603260537
12,test,9.358705956489093
12,test,9.936295827014169
12,test,12.031552460264123
12,test,8.022142424052964
12,test,13.124968808270715
12,test,10.915451005611976
12,test,7.586144667659491
12,test,6.312531977160388
12,test,12.074591654063664
12,test,13.121108450649317
12,test,11.02400210070446
12,test,11.54380915529265
12,test,5.152064009899036
12,test,11.616814601266071
13,control,10.225443415589158
13,control,10.638941210926705
13,control,7.560287301946344
13,control,2.200830325725521
13,control,5.221605892253618
13,control,7.637555544303486
13,control,8.639858829248409
13,control,4.983479250563869
13,control,7.700980149900142
13,control,8.23152410190798
13,control,14.50870331425618
13,control,16.489816942939296
13,control,14.338431520099505
13,control,9.58629774563224
13,control,12.17132199541595
13,control,10.35487257559905
13,control,8.80408824779788
13,control,12.135660492079928
13,control,11.273926928384208
13,control,14.966381315199184
13,control,13.04594127851286
13,control,5.86958070854987
13,control,13.822815772474687
13,control,8.391875430614924
13,control,16.18656673025453
13,control,9.22416440179092
13,control,10.532468842314124
13,control,11.696826299869398
13,control,12.485685941817977
13,control,12.029013386123252
13,control,7.681629726604672
13,control,8.982296452743627
13,control,9.07081227525078
13,control,9.531762645524578
13,control,10.852947074436551
13,control,9.69105877854733
13,control,4.961016867005331
13,control,12.133561018844723
13,control,11.566196611844465
13,control,14.639049033978749
13,control,12.13042161901564
13,control,11.98456733308823
13,control,2.1389943291696145
13,control,6.935254327198684
13,control,13.620577073170171
13,control,7.709552840265465
13,control,8.636445291434134
13,control,2.092085957651186
13,control,3.5642470592435247
13,control,13.703242939061472
13,test,8.603358086989276
13,test,5.837095257812536
13,test,9.371397933065564
13,test,15.100039190166038
13,test,8.346043417598938
13,test,11.334889484017545
13,test,11.09861141367441
13,test,13.94210096349662
13,test,10.500610397766792
13,test,12.20199510678032
13,test,8.297173095045007
13,test,11.42319762983083
13,test,11.34604487995595
13,test,8.10739073217613
13,test,5.988087293451279
13,test,11.486654775664302
13,test,5.256319881621346
13,test,6.354175743896002
13,test,6.545102961738614
13,test,11.520203228142067
13,test,9.99596777787522
13,test,6.907228432183746
13,test,10.408866575034915
13,test,9.67449528451191
13,test,10.722421470165228
13,test,11.57697915008886
13,test,9.437983773618644
13,test,10.375820523335909
13,test,11.5475531311803
13,test,9.72776175359238
13,test,16.499168494561573
13,test,13.309471998069244
13,test,11.874246558291013
13,test,14.486220395498831
13,test,11.685094950816763
13,test,7.156218992936301
13,test,13.741654134942548
13,test,8.37939457151464
13,test,11.052060864876736
13,test,12.794007999678731
13,test,12.81274648690873
13,test,13.657316308057554
13,test,10.884517955570198
13,test,3.276287894443572
13,test,13.00129550302949
13,test,12.89316495822626
13,test,10.195073405205251
13,test,11.813170752772209
13,test,5.538223968571972
13,test,11.040085334082503
14,control,5.244136739327859
14,control,12.475622552841394
14,control,8.399133727528548
14,control,6.505907410168978
14,control,6.218174056276505
14,control,2.651923418510849
14,control,13.505802102638974
14,control,7.40274603689493
14,control,12.417977315768224
14,control,10.840006430035045
14,control,15.39077328273335
14,control,12.856004879573446
14,control,15.010663383484465
14,control,7.09390257070028
14,control,10.660676371089354
14,control,6.73115428158178
14,control,12.05629960568032
14,control,7.392963545325177
14,control,9.638224274255926
14,control,10.781414665115724
14,control,11.637970876848623
14,control,5.25509924613222
14,control,8.400675547370692
14,control,8.762857978681017
14,control,12.87764803134572
14,control,14.387512876651552
14,control,11.781233152595734
14,control,7.660736526838095
14,control,8.508227126089304
14,control,7.35612282494051
14,control,9.19265986504324
14,control,10.393986551753336
14,control,11.848570128241937
14,control,13.298357631798464
14,control,11.773967920222756
14,control,9.90024843008122
14,control,13.735083967429896
14,control,9.460796822137018
14,control,9.567660445749947
14,control,10.291458035702847
14,control,9.686983837020993
14,control,7.929659473615292
14,control,15.317603674170307
14,control,16.745313638136718
14,control,11.992747283921029
14,control,10.994449224493938
14,control,9.030232542834812
14,control,13.508518347548916
14,control,5.467441729807121
14,control,8.517468615005296
14,test,10.720684362169374
14,test,9.59966378543391
14,test,17.217165744942573
14,test,12.020746644733377
14,test,10.561441307413586
14,test,8.285901126008724
14,test,6.63819023850097
14,test,18.25615637602934
14,test,8.829638302891807
14,test,13.083316896353317
14,test,4.878430222758831
14,test,10.487858812609636
14,test,9.507494202773234
14,test,12.745729692763446
14,test,8.673628157362705
14,test,14.979162601305877
14,test,10.011965013260948
14,test,8.773771737549259
14,test,8.450750249919803
14,test,8.27900062952254
14,test,12.315957405553172
14,test,8.62751337803952
14,test,8.042903759612106
14,test,10.424225089778757
14,test,7.723556504432411
14,test,12.123315452601544
14,test,10.22270021742412
14,test,7.577361360417881
14,test,13.394723536006572
14,test,13.010220914775577
14,test,8.56965053594474
14,test,11.56400676309398
14,test,9.359840095082296
14,test,9.004044992660834
14,test,11.677107160775751
14,test,9.16141364440337
14,test,9.120098232797169
14,test,7.273163106253818
14,test,6.237010641592919
14,test,11.774899037793915
14,test,11.126624970154973
14,test,8.677462418519921
14,test,5.48826845740054
14,test,10.4088785182486
14,test,10.11471921675205
14,test,5.084775266650843
14,test,10.32485307775698
14,test,11.007375667302547
14,test,11.783104293993924
14,test,3.499141160534537
15,control,14.022181814410375
15,control,11.304006834877605
15,control,8.61943569530832
15,control,6.785938477223444
15,control,8.828116081442388
15,control,9.230331491239514
15,control,4.470194707316832
15,control,12.020534784081352
15,control,13.310908180516291
15,control,10.915475774167025
15,control,12.944155002520704
15,control,7.497637056737795
15,control,4.620352032823776
15,control,13.10326736505267
15,control,8.999242568480593
15,control,6.03317699122786
15,control,9.743322518078722
15,control,7.081248137608672
15,control,14.374393561019158
15,control,5.358530156548483
15,control,12.587313070813536
15,control,9.255679925946994
15,control,8.065017589530996
15,control,10.24268690751186
15,control,7.647578771469673
15,control,8.108818593811797
15,control,6.747186262494389
15,control,9.403348290359071
15,control,9.102626433574034
15,control,8.820560739558054
15,control,7.526143722309999
15,control,10.170589904417175
15,control,8.931212591924472
15,control,10.095332521076807
15,control,7.415390241671973
15,control,4.536942335923028
15,control,10.676896128399523
15,control,7.322985544938978
15,control,14.729867746887834
15,control,9.655171728919074
15,control,10.140475665005296
15,control,9.68342456248976
15,control,6.011334944189445
15,control,9.596948437236112
15,control,12.389082015985496
15,control,6.49398778822721
15,control,12.67617574273083
15,control,9.008918873268149
15,control,6.430820027755088
15,control,10.876033592151552
15,test,12.65013008365858
15,test,7.106947217478194
15,test,10.458774012159356
15,test,11.310770233945608
15,test,14.3162478151737
15,test,12.785089169417688
15,test,12.251779282011007
15,test,10.857811457200157
15,test,11.381953373591578
15,test,7.547563602072657
15,test,15.64019810216596
15,test,6.757252400005557
15,test,4.128637708313123
15,test,11.243393707160642
15,test,7.587967590100488
15,test,8.428560007155644
15,test,11.513386340527688
15,test,11.930076056074157
15,test,13.131150245859066
15,test,5.732421670542444
15,test,11.293294583083048
15,test,12.028112906729415
15,test,12.411906663577756
15,test,11.812529949696447
15,test,7.849911458874302
15,test,14.29692280652092
15,test,10.428639892662227
15,test,8.103387358305806
15,test,9.625215529925258
15,test,13.422333457740692
15,test,6.093892560431055
15,test,13.344197422812828
15,test,13.692567202266972
15,test,6.188426187921769
15,test,10.595888339393817
15,test,13.053181921852325
15,test,12.653566320984554
15,test,11.216171162338322
15,test,11.206885960572732
15,test,10.020622952356913
15,test,8.21413140984013
15,test,11.203549122380712
15,test,12.021839005090497
15,test,10.60617472600348
15,test,7.959860596825734
15,test,15.283712936681017
15,test,6.454603028633078
15,test,5.285341362954437
15,test,8.636931068470316
15,test,4.926119610884522
16,control,7.70589620133553
16,control,12.662735779085615
16,control,12.190112069723956
16,control,8.764873492237012
16,control,12.15195363101416
16,control,7.481895546411162
16,control,9.81130241912426
16,control,5.008198302759777
16,control,7.410017977331514
16,control,13.517289263270175
16,control,10.669885032038472
16,control,16.26388640592858
16,control,9.3140358028913
16,control,10.932938467462009
16,control,17.422052236950286
16,control,12.64333929205748
16,control,11.387480679325344
16,control,10.112715670397572
16,control,10.303242417625135
16,control,9.77112783609715
16,control,15.185986527086516
16,control,12.51540718056136
16,control,11.4844580621219
16,control,9.336867830281992
16,control,8.697031898595123
16,control,10.790909143940569
16,control,12.942338806211122
16,control,11.69193501692269
16,control,6.776197128901485
16,control,7.859915904120228
16,control,13.934515006134378
16,control,11.642944744066398
16,control,13.787108539489637
16,control,7.216007589878916
16,control,12.42227121763741
16,control,13.895101163499486
16,control,8.261054586399329
16,control,9.924676643507787
16,control,14.26329548354929
16,control,14.141427009655226
16,control,11.540052049088564
16,control,10.355792387352407
16,control,8.040952519758925
16,control,10.261987114224535
16,control,12.032776244336684
16,control,9.094597517299256
16,control,8.725042614302858
16,control,7.9630866820091075
16,control,5.883988530729252
16,control,3.814554700431664
16,test,7.033881439925523
16,test,14.236570146157954
16,test,12.701373655908384
16,test,10.215003715810182
16,test,12.424246336604488
16,test,18.26868856132742
16,test,12.177489346036694
16,test,6.543323534702527
16,test,9.278200842334886
16,test,9.105480662934044
16,test,9.545433793480743
16,test,11.25165670920014
16,test,8.127977867735536
16,test,5.219158933062973
16,test,8.024877266106651
16,test,8.410486073312722
16,test,6.457596817199423
16,test,5.7988024470937845
16,test,15.67361825308064
16,test,8.655094476065921
16,test,3.08319296899715
16,test,8.289207307311129
16,test,9.74580333125759
16,test,11.489627110018205
16,test,9.166740019635322
16,test,10.079768357261504
16,test,14.185894128392148
16,test,12.072263995295694
16,test,3.1977819778109686
16,test,10.380393100408
16,test,12.908533400761698
16,test,12.442604870664884
16,test,10.46155041547845
16,test,12.5864011295379
16,test,5.649709188582716
16,test,10.415830809201609
16,test,15.26895475108605
16,test,9.85301874045166
16,test,7.985252598867499
16,test,8.529634125383232
16,test,6.81633782154906
16,test,9.246187689048735
16,test,9.33289700859456
16,test,5.990275918878211
16,test,8.793472852685728
16,test,9.305759110989252
16,test,10.55838536917881
16,test,13.307994043880456
16,test,7.351035474010553
16,test,5.937864204401194
17,control,5.391248618916246
17,control,9.296821503215083
17,control,12.286498333855814
17,control,9.135767634407143
17,control,13.492196096059896
17,control,10.132471792740356
17,control,8.128018325611812
17,control,11.456599723249855
17,control,13.551591873480128
17,control,7.804085578658456
17,control,10.320196567717224
17,control,9.030723187495196
17,control,12.367786051456774
17,control,13.819035229202116
17,control,4.926581651954292
17,control,13.941238088959512
17,control,16.331949356009133
17,control,11.342355374460803
17,control,10.092826879101937
17,control,12.907251991202507
17,control,13.08052964978135
17,control,7.650100035380506
17,control,13.034586145329737
17,control,5.20875395312525
17,control,10.14872794991246
17,control,9.368448137789215
17,control,10.39915840491978
17,control,9.475740054566424
17,control,5.201534264009847
17,control,10.144479410726738
17,control,11.572643786414442
17,control,7.5503410231859185
17,control,12.49790258769311
17,control,5.47679036641329
17,control,10.449904485853136
17,control,7.408761732664368
17,control,13.099996366924886
17,control,7.823956449798997
17,control,4.788043403398532
17,control,10.179384982457902
17,control,11.473784872468649
17,control,10.87915065526991
17,control,14.633500185410558
17,control,13.332787847998086
17,control,7.783726337473258
17,control,6.853789148059353
17,control,10.252798484364972
17,control,7.254266620298311
17,control,8.83227495576899
17,control,8.32106598389916
17,test,1.9683524069403653
17,test,7.449025607304862
17,test,8.14586889370126
17,test,6.257696549245176
17,test,15.36902573900823
17,test,6.755816307673588
17,test,7.73955501506114
17,test,4.995667881116207
17,test,11.59167354618912
17,test,8.143422008308146
17,test,4.433941215304125
17,test,8.188991999361
17,test,10.940353782859445
17,test,9.388087392303357
17,test,16.115745173614894
17,test,9.458331519501291
17,test,14.35543378460761
17,test,12.155283260374851
17,test,8.83330457738744
17,test,9.13525920853911
17,test,13.484078840678944
17,test,7.31871091778441
17,test,9.018942973881735
17,test,8.375064677533812
17,test,4.706488369282489
17,test,8.722329240332039
17,test,10.754188911550823
17,test,16.915546419680595
17,test,8.63250772740599
17,test,9.53144099137528
17,test,13.102955560753925
17,test,10.169969843471293
17,test,2.093958170852768
17,test,14.361284611330746
17,test,12.971807420826876
17,test,11.082866731672102
17,test,15.369575454635646
17,test,11.209652180887405
17,test,11.027811677819088
17,test,10.039647799739486
17,test,10.561798006344324
17,test,7.365318917021509
17,test,12.71736332842974
17,test,13.0042214130042
17,test,7.201638892431137
17,test,5.1097209547360665
17,test,14.563955552338896
17,test,11.90773606541762
17,test,8.11589491407833
17,test,10.504108746622554
18,control,15.148738695783727
18,control,10.512797020449709
18,control,5.881049016629894
18,control,9.81958111055097
18,control,8.787442246098099
18,control,6.144454391282618
18,control,5.0394472240720685
18,control,3.5112742161935326
18,control,9.568370266048731
18,control,13.94460419511814
18,control,1.991643558120895
18,control,6.999549141056848
18,control,9.10515848743111
18,control,7.533738828550779
18,control,13.623637296166311
18,control,16.257524995179146
18,control,12.861083529272184
18,control,12.083212565852556
18,control,12.395461355459412
18,control,7.570638039556615
18,control,6.902642457213059
18,control,11.238688184777644
18,control,5.1947710461437495
18,control,10.144382854756202
18,control,16.98136151321562
18,control,10.520972835451596
18,control,8.535437428424261
18,control,5.605051310806557
18,control,7.028790954539437
18,control,11.428701686606905
18,control,8.534307013081097
18,control,11.523345451266326
18,control,14.15980213558089
18,control,12.48186748007796
18,control,12.306467867906033
18,control,10.170433593936442
18,control,11.16212524786026
18,control,7.668544103693674
18,control,10.241564834571236
18,control,14.580620397246818
18,control,12.103812369853008
18,control,8.52482649299133
18,control,15.201729834217836
18,control,12.33588297835472
18,control,14.699440503760009
18,control,6.196406492224146
18,control,7.80285233076961
18,control,16.28632844681078
18,control,13.33457202396946
18,control,12.659890318179189
18,test,10.355680606465446
18,test,9.94414222956161
18,test,12.249977742932703
18,test,4.729441485527853
18,test,14.891802321851374
18,test,8.93967323223061
18,test,10.029424525572717
18,test,14.599286618924827
18,test,6.439391622013129
18,test,9.879804144423929
18,test,11.488304139224397
18,test,14.871254823627565
18,test,8.634146848311174
18,test,10.974473076660646
18,test,13.74752259463306
18,test,12.876447146307232
18,test,8.254855108561951
18,test,13.05753230040968
18,test,14.957731385541264
18,test,10.427156068480263
18,test,13.633324912936466
18,test,12.004272553998035
18,test,10.780001833495424
18,test,12.576169904928715
18,test,9.535812810969492
18,test,11.092560611382346
18,test,8.64437395527505
18,test,12.98211851286558
18,test,10.988971524792367
18,test,10.486859221123424
18,test,4.62991308495644
18,test,8.759199301855702
18,test,10.59478196320558
18,test,9.26740195225444
18,test,11.25776297293958
18,test,13.89134175459256
18,test,12.490349463955368
18,test,11.35183539465124
18,test,5.166094535673627
18,test,8.194801868055773
18,test,6.809107490721063
18,test,13.811785790401307
18,test,10.364460549807488
18,test,7.904151822601474
18,test,7.758389323577266
18,test,3.844876344798704
18,test,9.50375311302123
18,test,8.763651805101365
18,test,11.245078543403409
18,test,6.989651117144621
19,control,10.43549728250401
19,control,11.177381289106073
19,control,17.914953122921432
19,control,5.739994753076839
19,control,7.411664096931339
19,control,7.069346969105641
19,control,10.049648272318452
19,control,15.923148683466774
19,control,10.569810870584831
19,control,10.428581021805408
19,control,13.1053177693238
19,control,11.666609861834491
19,control,11.88362871448946
19,control,7.637529318481096
19,control,8.671225821306479
19,control,12.922361486875625
19,control,7.39048823992309
19,control,12.68200624111372
19,control,12.456503596289124
19,control,9.827597699077506
19,control,9.137787073170164
19,control,12.009484751626136
19,control,6.498974257137255
19,control,8.219200276386697
19,control,8.576464447791924
19,control,9.301496727155252
19,control,15.17724893151638
19,control,7.172365832595714
19,control,6.964747925324252
19,control,12.086016196479534
19,control,7.9398927959547
19,control,4.605498063239422
19,control,11.307353620910574
19,control,15.96608018847032
19,control,0.5674374927098658
19,control,13.87243794168329
19,control,11.886483425914747
19,control,15.315579448554397
19,control,7.416079055087668
19,control,9.41227181690848
19,control,7.489336413673118
19,control,9.641706649925494
19,control,10.825292746749746
19,control,11.746930197621106
19,control,10.631730029037032
19,control,8.301642392773338
19,control,1.6377632295672448
19,control,9.192069201695016
19,control,5.710301336091097
19,control,5.125211968269119
19,test,9.07668731465117
19,test,6.927740904571861
19,test,12.829091323412102
19,test,16.66505813136772
19,test,12.983862673209403
19,test,14.036029516832674
19,test,7.24704872649926
19,test,14.419925849791612
19,test,9.47200666788796
19,test,9.504838574533094
19,test,8.735211770815976
19,test,7.85108368221418
19,test,8.62161201746
19,test,5.965700485043496
19,test,15.731506994220595
19,test,11.392585900506152
19,test,16.05129561299208
19,test,12.489069723405317
19,test,13.24470631812266
19,test,7.119620420655984
19,test,13.632019952967722
19,test,5.70313468631568
19,test,15.254980990830449
19,test,5.167150318117384
19,test,6.364306465723599
19,test,9.951696631097244
19,test,12.05676025009642
19,test,10.582425183582288
19,test,15.084432428859378
19,test,4.328370859480211
19,test,8.52049311080587
19,test,7.509562597177506
19,test,13.411611600354696
19,test,13.627100947857596
19,test,11.009160004190417
19,test,10.5800087709679
19,test,14.624271162169372
19,test,11.357163440201122
19,test,15.893408323667698
19,test,10.54773073883297
19,test,7.258575424717358
19,test,7.049461212337413
19,test,12.9978282291201
19,test,11.561618680549012
19,test,12.698168189490293
19,test,17.662058961559346
19,test,10.380447188080153
19,test,6.990307711962755
19,test,13.424207491197532
19,test,3.286124684513569
20,control,10.335310995847404
20,control,8.518820594762666
20,control,12.002092546019764
20,control,3.235192516207296
20,control,14.92627947156464
20,control,10.85362694495926
20,control,10.797391286600112
20,control,7.443910907537342
20,control,14.26892790303745
20,control,12.157140261134632
20,control,11.577531748185253
20,control,11.095709414368295
20,control,7.693968619660557
20,control,4.428779517615508
20,control,8.056328254294728
20,control,3.442929043487693
20,control,7.084719487206778
20,control,10.698488225661627
20,control,10.10134140101373
20,control,8.975533745893818
20,control,11.464033869363256
20,control,5.957842032031504
20,control,10.058353534897895
20,control,7.085866955889442
20,control,14.925183341987683
20,control,11.207512764849149
20,control,11.37620794591198
20,control,6.377619262495164
20,control,5.888523754849476
20,control,11.717592546186127
20,control,12.738837231167704
20,control,7.859340824549491
20,control,9.132498442431563
20,control,11.64936635829632
20,control,12.376437782250015
20,control,5.7714674226146965
20,control,18.050771207012737
20,control,9.303718002194152
20,control,13.083336876500807
20,control,9.895424991791485
20,control,12.408700324802831
20,control,8.78016426634436
20,control,8.726377846382665
20,control,9.73503486542958
20,control,8.755592134490264
20,control,5.91084029331696
20,control,12.361684125004675
20,control,9.34636013847028
20,control,12.750949666190388
20,control,8.868028440994074
20,test,8.407179478836547
20,test,9.36785937100917
20,test,9.20370556938692
20,test,5.951704170120684
20,test,11.537090358115064
20,test,8.083733566272523
20,test,6.260966383756236
20,test,11.770869989190397
20,test,9.593307185179285
20,test,14.81599918965747
20,test,18.125473679079203
20,test,10.05605833504058
20,test,11.343017687019428
20,test,10.727038152518489
20,test,7.211665505739049
20,test,11.103952487569012
20,test,8.288615340474768
20,test,13.53237303311634
20,test,7.365766713257784
20,test,8.54352778255714
20,test,7.451987307993221
20,test,8.243082792797102
20,test,5.144399483198056
20,test,10.918639429624635
20,test,8.308495236327513
20,test,11.652814029687478
20,test,13.24441369048508
20,test,11.582207323861232
20,test,9.52874017123254
20,test,9.22815364798404
20,test,9.164374339168228
20,test,17.651409435867876
20,test,9.087153674960938
20,test,8.906858387729274
20,test,14.56594804669624
20,test,8.20400893758833
20,test,9.31122153258597
20,test,13.227638728740642
20,test,14.409973527809417
20,test,11.078169196860866
20,test,16.093262729534292
20,test,7.498322637220338
20,test,12.464408810737403
20,test,14.34979362327953
20,test,8.730243978203292
20,test,8.00116851063597
20,test,10.865911909714244
20,test,10.314997038509292
20,test,17.8140668653434
20,test,11.883566358335178
21,control,13.601711089831282
21,control,7.7861178363421715
21,control,12.421029587987428
21,control,11.391602272728132
21,control,7.419408822977784
21,control,11.817475271328146
21,control,8.716964975588018
21,control,7.482103260791748
21,control,13.342596960702885
21,control,5.246072652728649
21,control,12.346802188059977
21,control,5.786996561585823
21,control,12.166899908748906
21,control,13.75117585217229
21,control,8.73478290024076
21,control,10.490436585694129
21,control,7.464126298580433
21,control,8.54277066634601
21,control,12.789975908365616
21,control,14.681967426069807
21,control,9.661553396185605
21,control,11.85995012749201
21,control,2.432801134440417
21,control,10.70324541227786
21,control,10.778229395863844
21,control,14.131083001868966
21,control,6.714323866191765
21,control,7.565743605792969
21,control,10.071478695603702
21,control,8.245656605410334
21,control,8.047381047984558
21,control,14.312537925467224
21,control,10.247544704813665
21,control,12.763589387966302
21,control,8.154938574250137
21,control,6.744279326260335
21,control,8.43516829603662
21,control,9.47657684838146
21,control,5.595381828716437
21,control,11.54999735993244
21,control,7.575475395711427
21,control,9.285572898014175
21,control,11.472001868688752
21,control,10.422043103286567
21,control,8.262763852563326
21,control,2.036124230719576
21,control,8.519292749220782
21,control,15.544911234356418
21,control,13.377122480636377
21,control,10.993776733115292
21,test,9.617902907456708
21,test,14.303205776550966
21,test,12.804336331329123
21,test,14.150242706111191
21,test,10.122165006423144
21,test,8.091947861159722
21,test,6.981443039969155
21,test,9.90213854781988
21,test,9.965197283373026
21,test,8.980979693952136
21,test,11.238071569198114
21,test,11.377098884620754
21,test,18.719168064115493
21,test,11.590678206915875
21,test,2.234242261961214
21,test,12.03251388484234
21,test,13.1353126847378
21,test,12.69263534676139
21,test,14.726484726221264
21,test,11.258487550529445
21,test,8.543203664131777
21,test,12.956553900670466
21,test,13.108076986827962
21,test,7.274318837474653
21,test,13.793754842144615
21,test,6.776436297681133
21,test,9.71715610324661
21,test,11.12502544435072
21,test,14.00165959677624
21,test,10.496867337154752
21,test,13.075663429995366
21,test,10.014746164297907
21,test,15.868376090665938
21,test,6.832801636295166
21,test,6.429923075584224
21,test,16.02184946873754
21,test,9.03504668272459
21,test,12.129878261372545
21,test,7.829178275213824
21,test,10.930319429227447
21,test,11.99337852406448
21,test,12.903611732754596
21,test,10.6625571970863
21,test,11.83624383629198
21,test,10.969402624945497
21,test,8.966910575367935
21,test,10.130878096537607
21,test,7.639352114067898
21,test,6.18673231390925
21,test,12.100077780586096
22,control,3.971544771622724
22,control,12.5192256263502
22,control,13.228608103008629
22,control,11.151130825037994
22,control,13.926435419156125
22,control,10.730385688001068
22,control,11.821244195248363
22,control,12.809791993580102
22,control,5.311948120288118
22,control,13.61140893440513
22,control,12.95861280078072
22,control,12.465723892213408
22,control,3.353945315939632
22,control,11.68945790710002
22,control,17.820493294468996
22,control,15.024319417848382
22,control,10.582267865762626
22,control,13.07009078522588
22,control,10.346146122146836
22,control,8.014115406810847
22,control,10.325335923108035
22,control,12.611564145141944
22,control,8.884114372708593
22,control,6.442537122191189
22,control,14.790138494220184
22,control,9.074548839249392
22,control,8.705238065197394
22,control,14.094401350026867
22,control,10.080580396879023
22,control,9.989551812218863
22,control,17.339003099995523
22,control,13.857607954546948
22,control,9.199809171348106
22,control,14.539845847796157
22,control,8.36697040096857
22,control,15.536468612731362
22,control,11.119546932129223
22,control,8.448463943502102
22,control,13.246213681681958
22,control,8.67926858315588
22,control,9.99333586976457
22,control,13.46494807002361
22,control,11.75403011076934
22,control,11.390279750429036
22,control,9.681876262133818
22,control,7.93611317825714
22,control,14.559823689477998
22,control,11.873451336381867
22,control,15.61674097830957
22,control,11.67229723555172
22,test,6.298797057633356
22,test,14.251350935687451
22,test,10.61368208486635
22,test,9.81333568383883
22,test,11.6638410153407
22,test,14.354204690249867
22,test,12.69498794131867
22,test,10.565890816101538
22,test,9.78446049655402
22,test,12.452192545365282
22,test,6.672526689219872
22,test,12.729449188892096
22,test,13.44629581616441
22,test,8.545682146740345
22,test,10.086436239712691
22,test,14.036089193732712
22,test,1.7308392570650484
22,test,7.571861058063744
22,test,12.243702547221424
22,test,12.31506598678177
22,test,9.107287244423862
22,test,6.970727009204843
22,test,10.337748341239273
22,test,9.751508703680706
22,test,7.890305572162218
22,test,9.715940001447777
22,test,12.414817081212275
22,test,8.402796887073812
22,test,9.040577218778235
22,test,11.701889463789604
22,test,13.971517014225824
22,test,10.603946992088025
22,test,11.620986924712575
22,test,9.907438773767252
22,test,13.371170585925013
22,test,9.995922288477908
22,test,10.836030564484156
22,test,12.324903048226233
22,test,11.45807379744653
22,test,13.253355189423493
22,test,10.888401897662517
22,test,14.286231437916854
22,test,8.154868297746058
22,test,7.757188820215994
22,test,6.427455586545923
22,test,10.206654814401098
22,test,7.859555580807223
22,test,7.938622198169976
22,test,8.867257061595819
22,test,14.791255826833089
23,control,10.910451696265866
23,control,9.84624664244454
23,control,6.129622421165764
23,control,12.45834040173838
23,control,7.1983109663272415
23,control,8.582319818502945
23,control,8.773141725627083
23,control,5.685234884995128
23,control,10.980364180810756
23,control,11.83659533799772
23,control,9.34977294605982
23,control,5.291928470595932
23,control,7.1481374173981225
23,control,8.040840682052558
23,control,10.107970659195962
23,control,13.761091303758484
23,control,6.195594137609056
23,control,10.46205450609403
23,control,14.37651720714147
23,control,9.625148305341902
23,control,11.470774818558873
23,control,3.3059618804559605
23,control,15.576328889897448
23,control,5.170385432847072
23,control,6.164146508488062
23,control,8.083250427036074
23,control,7.784587045013855
23,control,13.91037876972185
23,control,6.633754100608153
23,control,8.950523482959461
23,control,9.329530104653369
23,control,12.41798468791363
23,control,8.721236233926184
23,control,11.0989762420755
23,control,6.51561678128101
23,control,7.168729373528427
23,control,13.346310036748267
23,control,4.668962094279688
23,control,7.912420646509696
23,control,9.428097652911932
23,control,8.483273649531384
23,control,12.124260703921294
23,control,7.520676229475949
23,control,8.96363790686806
23,control,11.079031877474334
23,control,5.963804370743677
23,control,10.153277126739743
23,control,12.553732731276122
23,control,16.22881280266182
23,control,9.717029245434295
23,test,5.370699654161027
23,test,6.7026283734810495
23,test,9.272329169984832
23,test,7.757755822133563
23,test,9.277157556572382
23,test,10.721913410395794
23,test,9.46913595238337
23,test,7.334267884558207
23,test,5.269931479606751
23,test,9.425274206015043
23,test,13.521231224864
23,test,9.1900355345809
23,test,9.573088874190985
23,test,2.035983446303512
23,test,10.379558986819836
23,test,9.957636381766758
23,test,7.327011881127279
23,test,10.802491652609962
23,test,10.983393954598965
23,test,12.567435101882994
23,test,9.210064607075648
23,test,11.194372277811144
23,test,14.38616898325684
23,test,10.40584709545699
23,test,11.804844635953604
23,test,5.146670003471046
23,test,6.276850615797113
23,test,8.192536876417131
23,test,7.682151402307129
23,test,11.270795473816293
23,test,11.278594177094314
23,test,4.613358472217641
23,test,5.958831422048377
23,test,14.16416161413094
23,test,13.398042722737804
23,test,8.868293399471462
23,test,8.474480022645789
23,test,7.896124463363677
23,test,10.94283724592184
23,test,11.396840652099248
23,test,12.626896473124512
23,test,9.910674267519257
23,test,10.956873736564996
23,test,4.690216170574337
23,test,7.190643543311937
23,test,11.45474143163297
23,test,12.406348328893715
23,test,15.330583344621935
23,test,10.971355084735151
23,test,8.856687354267606
24,control,9.307543265036646
24,control,12.277075450579016
24,control,12.94979149296364
24,control,12.053263055691799
24,control,14.734934007245549
24,control,12.197539082455702
24,control,10.951229984882065
24,control,14.858955966847462
24,control,12.66252987375438
24,control,11.239609876442794
24,control,7.092002556480128
24,control,7.954168429090834
24,control,10.803690495002838
24,control,11.89306402199197
24,control,15.912499378068844
24,control,10.190484076348577
24,control,8.204211179254084
24,control,9.459237781100535
24,control,9.894295945365874
24,control,13.336928096141119
24,control,8.20240899323495
24,control,11.15442812808835
24,control,7.510674568438323
24,control,8.562870227491391
24,control,11.859873880276488
24,control,12.730867802268545
24,control,6.883631314673404
24,control,9.362039518562081
24,control,5.990202510866244
24,control,12.386621390953795
24,control,8.113273739419649
24,control,6.901795201106211
24,control,8.415140926162536
24,control,17.15462432794021
24,control,8.07704259440074
24,control,12.997690457305417
24,control,8.305195501184468
24,control,10.126225512737943
24,control,8.483725956790204
24,control,13.752611060640834
24,control,14.908169222243924
24,control,7.877781320792936
24,control,7.80398162670259
24,control,11.274388525442166
24,control,10.350807570058342
24,control,4.80167853692772
24,control,11.361463214458448
24,control,9.126944704532763
24,control,8.558464621471169
24,control,14.050482138574143
24,test,9.418717215005906
24,test,13.118896980648666
24,test,10.932111604770949
24,test,8.762046587878165
24,test,12.686973685913363
24,test,7.2031074449340515
24,test,9.334949861545715
24,test,10.578882091808238
24,test,5.807230346019207
24,test,6.100587233243564
24,test,8.615686198080576
24,test,10.700171771274803
24,test,12.10685687679735
24,test,8.890057225102252
24,test,8.366890938475802
24,test,9.59051518908859
24,test,15.311939761977476
24,test,8.938203839594928
24,test,9.922826716654226
24,test,6.879013856579219
24,test,14.26492029371745
24,test,7.3759583457199245
24,test,10.109695849008393
24,test,9.795750484360862
24,test,16.76007877886261
24,test,9.583622579771374
24,test,9.691048715626724
24,test,11.436707816676728
24,test,4.393218028567475
24,test,13.438306177651441
24,test,13.076122424482085
24,test,4.1777817415090475
24,test,10.226683484132566
24,test,14.224282189654305
24,test,7.852691910982516
24,test,4.530780000134427
24,test,7.6989105829110525
24,test,9.238964942382127
24,test,9.023187392761814
24,test,11.195061011179744
24,test,7.237157504081262
24,test,10.853484956441797
24,test,12.12128160868079
24,test,14.784673627754144
24,test,7.11601424920546
24,test,11.520531047474167
24,test,11.603185498614991
24,test,14.090597620440118
24,test,9.056230736034275
24,test,5.706723894931004
